Business ID,Business Name
1,Mandarin Wok
2,Mirabelle Fine Pastries
3,The Cake Artist's Studio
4,The Y Eatery
5,Bacaro
6,Art Mart
7,Bella Mia Boutique
8,English Hedgerow
9,Kofusion
10,Pickles
11,The Art Theater
12,Dos Reales
13,Gumby's Pizza
14,Rod Sickler Salon & Spa
15,Siam Terrace
16,Champaign Ballet Academy
17,Checkered Moon
18,Courier Cafe
19,Guido's Bar & Grill
20,Paris Boutique
21,Strawberry Fields
22,The Red Herring Vegetarian Restaurant
23,University of Illinois
24,Jane Addams Book Shop
25,Krannert Center for the Performing Arts
26,Rubens Chocolate
27,Wonderdogs
28,UPS
29,Durst Cycle & Fitness
30,Olive Garden Italian Restaurant
31,Radio Maria
32,Soma Ultralounge
33,Cafe Kopi
34,Circles Boutique
35,Jerry's Iga
36,Murphy's Pub
37,Pekara Bakery and Bistro
38,The Blind Pig Company
39,Sun Singer Wine and Spirits
40,Biaggi's Ristorante Italiano
41,William M Staerkel Planetarium
42,The Bread Company
43,Hobby Lobby Creative Center
44,Antonio's Pizza
45,Carle Hospital
46,Flat Top Grill
47,Jim Gould
48,Campus Recreation Center East
49,Papa Del's Pizza
50,TGI Friday's
51,Urbana Dog Park
52,Milo's Restaurant
53,El Charro
54,Pasha Mediterranean Cuisine
55,El Torero
56,Famous Dave's
57,La Bamba
58,Fannie May Fine Chocolates
59,Klose Knit
60,Needleworks
61,Potbelly Sandwich Shop
62,Silver Mine Subs
63,Cold Stone Creamery
64,Legends
65,Moonstruck Chocolate Cafe
66,Peking Garden Restaurant
67,Car-X Tire & Auto
68,Culver's
69,Meijer
70,Za's Italian Cafe
71,Espresso Royale
72,Panera Bread
73,Golden Wok
74,The New Sweet Indulgence
75,Monical's Pizza
76,Rosati's Pizza
77,Iron Post
78,Ippatsu Salon
79,Wingstop
80,Chevys Fresh Mex
81,Common Ground Food Co-Op
82,Tang Dynasty
83,Bombay Indian Grill
84,Jarling's Custard Cup
85,Refinery
86,Steak 'n Shake
87,Curtis Orchard & Pumpkin Patch
88,La Bamba
89,Caring Hands Animal Hospital
90,H2O Salon
91,Number One Wok
92,Boltini Lounge
93,Champaign-Urbana Mass Transit District
94,Intermezzo Caf
95,Jupiter's Pizzeria and Billiards
96,Original Pancake House
97,Prime Time Pizza
98,Silvercreek
99,That's Rentertainment
100,World Harvest Foods
101,Zorba's Restaurant
102,Sam's Cafe
103,Escobar's Restaurant
104,BJ Grand Salon & Spa
105,Yuko Hair Salon
106,Perkins Restaurant & Bakery
107,Woori Jib Restaurant
108,Meineke Car Care Center
109,Hawthorn Suites By Wyndham Champaign
110,Far East
111,Home of Gourmet Chinese & Thai Restaurant
112,Manolo's Pizza & Empanadas
113,Bunny's Tavern
114,Dom's Patio Villa
115,Mike N Molly's
116,The Apple Dumplin'
117,Boston Pizza
118,Illini Union Ballroom Dining
119,Jimmy John's
120,Thomas M. Siebel Center for Computer Science
121,University of Illinois Veterinary Teaching Hospital
122,Carle Clinic Association
123,Timpone's
124,Garcia's Pizza In a Pan
125,Notes N Quotes
126,Historic Lincoln Hotel
127,Kane & Company
128,The Habitat for Humanity ReStore
129,County Market
130,DP Dough
131,Basil Thai Cafe
132,Dos Reales
133,Crane Alley
134,Market at the Square
135,Napleton's Auto Park Urbana
136,Wienerschnitzel
137,Billy Barooz Bar & Grill
138,Texas Roadhouse
139,Zelma's
140,Dallas & Co Costumes & Magic
141,Noodles & Company
142,Anita Purves Nature Center
143,Big Lots - Champaign
144,Espresso Royale
145,Minneci's Ristorante
146,Staples
147,Target
148,Am-Ko Oriental Foods & Gifts
149,B Won
150,PetSmart
151,Columbia Street Roastery By Herriott's
152,Chief/Bauer Service Experts
153,Outback Steakhouse
154,Prairie Gardens
155,Subway
156,Big Mouth's
157,Firehaus
158,Bromley Hall
159,Brothers Bar & Grill
160,C.O. Daniel's
161,Clybourne
162,Jiffy Lube
163,Kam's
164,Subway
165,Champaign Public Library
166,Jillian's
167,Planned Parenthood - Champaign Health Center
168,Cowboy Monkey
169,Daily Illini
170,Basil Thai Urbana
171,Bacca Cigar
172,Chipotle Mexican Grill
173,Fitness Center
174,Green Jade
175,Junior's Burger & Custard
176,Seven Saints
177,The Great Impasta
178,Carmike Beverly Cinema 18
179,Jennifer North
180,Kamakura Japanese Restaurant
181,Lincoln Square Shopping Center
182,Rose Bowl Tavern
183,Urbana Free Library
184,Women's Health Practice
185,Basmati Indian Cuisine
186,Busey
187,Caffe Paradiso
188,Armored Gopher Games
189,Exile on Main Street
190,G-Mart Comics
191,Merry Ann's Diner
192,Merry Ann's Diner
193,Orpheum Children's Science Museum
194,Other Realm
195,Panera Bread
196,Harold's Chicken Shack
197,Wal-Mart
198,Sally Beauty Supply
199,Anderson Dental
200,Amtrak
201,Esquire Lounge
202,Miko
203,Chili's
204,The Ribeye
205,Cost Cutters
206,Papa John's Pizza
207,Los Amigos
208,Thara Thai
209,Jimmy John's
210,Schnucks Pharmacy - Champaign
211,Menards
212,Papa George
213,Lai Lai Wok
214,Atlanta Bread
215,Jerusalem Middle Eastern Cuisine
216,Old Time Meat & Deli Shoppe
217,Ruby Tuesday
218,The Home Depot
219,Red Lobster
220,Aroma Cafe
221,Luna
222,Devonshire KinderCare
223,First United Methodist Child Care Center
224,Ward & Associates Realtors
225,Dunkin' Donuts
226,Blain's Farm & Fleet
227,Chester Street Bar
228,Kennedy's at Stone Creek
229,Ginza & Co
230,McAlister's Deli
231,Penn Station
232,Christopher's Fine Jewelry Design
233,Sushi Kame
234,Empire Chinese Restaurant
235,C-U Pet Sitting Service
236,Michelle's Bridal Shoppe
237,Sailfin Pet Shop
238,University High School
239,First Wok
240,A-Ri-Rang
241,Dorcas Restaurant
242,Schnucks Urbana
243,Hickory River Smokehouse
244,C-U Taxi
245,Farren's Pub & Eatery
246,Lincolnland Express
247,Peter B's Automotive
248,Larry Kanfer Photography Gallery
249,The Estate Sale
250,Illini Pest Control
251,Bagelmen's Inc
252,Joe's Brewery
253,LensCrafters
254,Martin One Source
255,The Pita Pit
256,Jolly Roger
257,Will Am-Fm Radio
258,Pitaya
259,Derald's
260,Red Lion
261,The Fubar Lounge
262,Roto-Rooter Plumbing & Drain Services
263,Garcia's Pizza In A Pan
264,Putt Zone Fun Center
265,Furniture Lounge
266,Red Roof Inn Champaign
267,Alexandra's
268,Applebee's Neighborhood Grill & Bar
269,Silver Bullet Bar
270,Subway
271,Krannert Art Museum
272,Papa John's Pizza
273,University Group
274,Alto Vineyards
275,Hilton Garden Inn
276,Qdoba Mexican Grill
277,Illini Inn
278,Quality Inn & Suites
279,Tatman's Carcare Collision Centers
280,Barfly
281,Bevande Coffee
282,El Toro
283,Little Caesar's Pizza
284,Carrie's
285,The Canopy Club
286,Michaels
287,Bob Evans
288,Te Shurt
289,Blues
290,Office the
291,Evo Cafe
292,Animal Emergency Clinic of Champaign County
293,Bo Bo China
294,Carmon's Restaurant
295,Walnut Street Tea
296,Good Servants Home Cleaning
297,Geovanti's
298,Le Shoppe
299,Papa Murphy's
300,Prairie Tap
301,All Creatures Animal Hospital
302,Manzella's Italian Patio Restaurant
303,Crazy Buffet
304,Memorial Stadium
305,One World Pizza
306,Hancock Fabrics
307,Mia Za's Cafe
308,Niro's Gyros
309,Skully's Chicken and Fish
310,Smoothie King
311,Seaboat
312,Bar Guiliani
313,New Life Tattoos
314,Shanghai 1938
315,Hampton Inn Champaign/Urbana
316,Fiesta Cafe
317,Suburban Express
318,Karen's Kloset
319,Illini Oil Change
320,Jupiter's Pizzeria and Billards
321,Assembly Hall
322,Dandelion Vintage & Used Clothing
323,Monical's Pizza
324,Alexander's Steakhouse
325,Lex-Lincolnland Express
326,Jimmy John's
327,Espresso Royale
328,Niro's Gyros
329,Nitaya Thai Restaurant
330,Yellowfin Japanese Restaurant
331,Super 8 Champaign
332,Campus Florist
333,Activities and Recreation Center - ARC
334,Millennium Nails
335,Hardee's
336,Aldi
337,Art Coop
338,Tuesday Morning
339,Holiday Inn Hotel Champaign/Urbana
340,Taco Bell
341,Hooters
342,Classic Tan
343,Yellow Checker Cab
344,Robert's
345,Cream & Flutter
346,Bentley's Pub
347,Cravings
348,Corkscrew Wine Emporium
349,Garcia's Pizza In A Pan
350,Sherman Hall
351,Champaign Cycle
352,Subway
353,Super Pantry
354,Green Street Realty
355,Crepe Cafe
356,IHOP
357,Das Cafe
358,Ashley HomeStore
359,MezzaLuna
360,Murphy's Deli
361,Homewood Suites By Hilton Champaign-Urbana
362,Good Fella Korean Bistro
363,Baytowne Dental Center
364,Bella Capelli
365,County Market Discount Foods
366,Cardinal Fitness of Urbana
367,Sonic
368,Espresso Royale
369,Lil Porgy's Bar-B-Que
370,Li'l Porgy's Bar-B-Que
371,Rocks
372,Illini Mattress Company
373,Lowe's Home Improvement
374,Furniture Row
375,Slumberland Furniture
376,The Cookie Jar
377,Lucky Puppy
378,Enterprise Rent-A-Car
379,Evolve Fitness Club
380,Forever 21
381,Howbowda Bagel
382,Green Onion
383,El Toro Mexican Restaurant
384,Dyno-Tune
385,Hot Wok Express
386,Urban Outfitters
387,Eighty-Eight Broadway
388,Rainbow Garden
389,Lee's Oriental Foods
390,Furniture Warehouse
391,Salvation Army Thrift Store
392,Baytowne Apartments
393,Spa Envy and Salon
394,Yong's Alterations
395,Best Buy
396,Crystal Lake Park
397,Insomnia Cookies
398,Taffies Restaurant
399,Starcrest Cleaners
400,Barr Real Estate
401,TJ Maxx
402,Za's Italian Cafe
403,The Clark Bar
404,The William R and Clarice V Spurlock Museum
405,Lando Salon
406,Bombay Indian Grill
407,CVS
408,Walgreens
409,McDonald's
410,Starbucks
411,I Hotel and Conference Center
412,Houlihan's
413,Meijer
414,Green Street Cafe
415,Sleep Inn Champaign Urbana - University Area
416,JJ's Shoe Repair
417,Champaign Surplus
418,Cheddar's Casual Cafe
419,Sushi Avenue
420,Beaumont Animal Clinic
421,The Accord
422,Taco Bell
423,Barnes & Noble Booksellers
424,CityView
425,Bevier Cafe
426,Fairfield Inn & Suites by Marriott Champaign
427,Guadalajara Bar & Grill
428,Extended Stay America - Champaign - Urbana
429,Meat Science Laboratory
430,ChinaTown Buffet
431,Hair Benders
432,Champaign County Humane Society
433,Illini Union Hotel
434,Village Inn Pizza
435,Hertz Rent A Car
436,United Car Center
437,Record Swap
438,Cracker Barrel Old Country Store
439,Espresso Royale Caffe
440,Christie Clinic on University
441,Zyggyz
442,China Garden
443,Market Place Shopping Center
444,Xinh Xinh Cafe
445,Virginia Theatre
446,The Morning Cup & More
447,Beckman Cafe
448,Jamba Juice
449,Brass Rail
450,Black Dog Smoke & Ale House
451,"Dankle W Casey, DDS"
452,David's Bridal
453,Cactus Grill
454,Monical's Pizza
455,The Illini Shop
456,Heel To Toe
457,Euro Mart
458,Car-X Tire & Auto
459,Amano's Pizza
460,Steak 'n Shake
461,Jack's Grill & Mediterranean Cuisine
462,Baymont Inn And Suites Champaign
463,Kohl's
464,Mas Amigos
465,"B. Lime, A Green Store"
466,Sushi Rock
467,Fat Sandwich Company
468,Champaign Dental Group
469,Subway
470,Sandella's Flatbread Cafe
471,The UPS Store
472,Natural Gourmet
473,Road Ranger
474,Jos. Kuhn & Co
475,International Galleries
476,Simplified Computers
477,Prairie Fruits Farm & Creamery
478,Red Hair
479,Country Squire Cleaners
480,Tire Barn
481,University Of Illinois Arboretum
482,Allure Salon
483,Campus Property Management
484,O'Charley's Restaurant & Bar
485,Federal/O'Byrne Moving & Storage
486,Istanbul Mediterranean Cuisine
487,A & E Animal Hospital
488,Pet Palace
489,Living Yoga Center
490,Cocomero
491,Mirsung
492,Hanford Inn and Suites
493,Domino's Pizza
494,The Dragons Table
495,U of I Community Credit Union
496,Taco Loco
497,Super 8 Urbana
498,Mark of Cain Tattoo's
499,Grainger Engineering Library
500,Illini Tech Center
501,Champaign Do It Best Hardware
502,Andy's Barber Shop
503,Kessler Optical
504,Concord Custom Cleaners
505,Mr Auto Body Inc
506,Schoonover Sewer Service
507,Burnham 310
508,Marketview Car Wash
509,McKinley Health Center
510,Maid To Perfection
511,"Faught Mark A, DDS"
512,Ivey Auto Body Specialist
513,Bikeworks
514,Champaign County Clerk
515,Le Peep Restaurant
516,Pretty Nails Spa
517,Roland Realty
518,"Comfort Suites Urbana Champaign, University Area"
519,Ruth's Salon
520,The Lincoln Lodge Urbana
521,Vinny's East Coast Pizzeria
522,Albert Jodi & Associates
523,Champaign Heating & Air
524,County Market
525,Stone Baked Pizzeria
526,Modern Nails Salon
527,Bash Pepper Roofing Company
528,Great Clips
529,The Avenue Bed & Breakfast
530,The Pottery Place
531,Jon's Pipe Shop
532,Country View Veterinary Clinic
533,America's Best Inns and Suites
534,V. Picasso
535,Panera Bread
536,Sarku Japan
537,Rush Tan
538,Holy Land Mediterranean Grill
539,N Tailor & Alterations
540,Kohlmann's Bike Shop
541,Pacific Tailoring & Alterations
542,Sam's Club
543,Orange Express Taxi
544,Bugbee's DJ Plus
545,Champaign Studio One Photography
546,Barbara's Alterations Plus
547,Blossom Basket Florist
548,Spritz Jewelry
549,Timothy John Salon and Spa
550,Buffalo Wild Wings
551,Fairfield Automotive
552,HomeTown Buffet
553,Presence Covenant Medical Center
554,Hubers
555,Steak 'n Shake
556,Rural King
557,Red Wing Shoe Store
558,Memphis On Main
559,Dave & Harry Locksmiths
560,Carmella's Creme
561,Taco Bell
562,Illini Eye Care
563,Long's Garage Complete Auto Service
564,Red Star Liquors
565,Ron's Truck & Auto Repair
566,Sammie's Pancake House
567,Buttitta's
568,Great Harvest Bread Company-Champaign
569,Buttitta John the Tailor
570,Speed Lube 10 Minute Oil Change Shops
571,N Tailoring & Alteration
572,Tri-Color Locksmiths
573,Best Wok
574,Baker's Bikes
575,Carle Clinic
576,Central Illinois Credit Union
577,Uncle Jack's Family Restaurant
578,Kaiyo Japaneese Restaurant
579,Tradehome Shoes
580,Dunkin' Donuts
581,AnSun
582,Dazzling Nails
583,Starbucks
584,Wines At the Pines
585,Mettler Center
586,Les Cheveux Gallery
587,Serendipity
588,Boomerang's Bar & Grill
589,Drury Inn & Suites Champaign
590,Gamestop Prospect Commons
591,U & I Nails
592,Midas
593,Big J J Fish & Chicken
594,Gillespie Management
595,Po' Boys Restaurant
596,TK Service Center
597,Ginger Asian Bistro
598,Old Chicago
599,Culver's
600,Papa Del's Pizza At the Crossing
601,Burger King
602,Urbana Champaign Independent Media Center
603,TMS Auto Care
604,Motherhood Maternity
605,Fat City Saloon
606,McKinley Apartments
607,Royse & Brinkmeyer Apartments
608,Wingate By Wyndham Champaign
609,Pet Supplies Plus
610,Insty-Prints Business Printing Services
611,Plato's Closet
612,Priceless Books
613,Mitchem Dental
614,Windy City Express
615,Cheese and Crackers
616,Penn Station
617,Montana Mike's
618,D & W Lake Camping & Fishing
619,Sprint Store By Wireless Revolution
620,Casey's Carry Out Pizza
621,Golden Harbor Authentic Chinese Cuisine
622,Pia's Sports Bar & Grill
623,Cardinal Fitness of Champaign
624,Kirby's Firestone Service Center
625,Mariya Vandivort & The AroundCU - Keller Williams
626,All About Eyes
627,Duckys Champaign
628,Klein Gretchen
629,Fuad's Creative Hair Design
630,Two Men and a Truck Champaign
631,The Smoke Shack
632,Annapurna Stores
633,Smoothie King
634,Papa John's Pizza
635,Fetch! Pet Care
636,Campus Property Management
637,Hunsinger Enterprises
638,Prairie Farm
639,Roger's Barber Shop
640,Six Minute Chinese
641,U-Haul Neighborhood Dealer
642,Depot Barber Shop
643,Meadows Animal Hospital
644,Value Check
645,Salvation Army
646,Emerald City Lounge
647,Ryan's
648,Sairam Om
649,My Thai
650,The Blind Man
651,Pampered Pet Grooming and Dog Training
652,Walmart
653,Sushi San
654,Domino's Pizza
655,Flats Fixed
656,Red's Muffler Shop
657,Regency Beauty Institute Student Salons
658,Midwest Cellular
659,News-Gazette
660,Walgreens
661,Ho Dang D MD
662,Tatman's Collision Repair
663,Supercuts
664,O'reilly Auto Parts
665,Fazoli's
666,Jones Optical Co
667,Illini Union
668,Rice Garden
669,Secretary of State
670,Casablanca Kabab House
671,Chopstix
672,Dick Van Dyke Appliance World
673,JOANN Fabrics and Crafts
674,No Regrets Tattoos & Body Piercing
675,CU Woodshop Supply
676,The Beef Stand
677,China King
678,MHM Properties
679,Ten Thousand Villages
680,Einstein Bros Bagels
681,Promenade Gift Shop At Krannert Center
682,Motel 6
683,La Fiesta Mexican Restaurant
684,Jimmy John's
685,Animal Hospital At The Crossing
686,Dave & Gene's Barber Shop
687,BoRics Hair Care
688,Carle Foundation Hospital Level 1 Trauma Center
689,Hair Cuttery
690,Beri Frozen Yogurt
691,Country Inn & Suites
692,Long John Silver's
693,Burrito King
694,Oishi
695,Regis Salon
696,Hessel Park
697,Subway
698,Jesse Heating & Air Conditioning
699,Doodles
700,Spoon House Korean Kitchen
701,Eastland Suites
702,KFC
703,KFC
704,McDonald's
705,Dillman Brothers
706,Pizza Hut
707,El Toro Bravo
708,Japan House
709,ATLAS Cab
710,Subway
711,Beads N Botanicals
712,Tumble Inn Tavern
713,Car-X Tire & Auto
714,Amara Yoga & Arts
715,BodiBronze Sunless Spa
716,Professional Property Management
717,Macy's
718,Average Joe Auto Repair
719,Cocina Real Mexican Restaurant
720,Clutch Cuts
721,Piccadilly Beverage Shops
722,Block Electric
723,Mosser's Shoes
724,Pro Nails
725,Triple T Car Wash
726,Good Vibes
727,Ultimate Tan
728,Norris Tire & Auto Center
729,Fiesta Ranchero
730,Peoria Charter Coach Company
731,Scrubs Plus
732,Urbana True Tires
733,Truly Fit
734,Kim's Alterations
735,Gameday Spirit
736,Dairy Queen
737,Forget Me Not Florals
738,Super Wok
739,Holiday Inn Express & Suites Urbana-Champaign
740,Myler Automotive Repair
741,LookAfter Hair Company
742,Savvy Expressions Wedding & Event Coordination
743,Fire Station Pizza and Pub
744,ABC Sanitary
745,Dankle Brunson & Lee
746,Rick Orr Flowers
747,Courtyard Champaign
748,Illini Shuttle
749,Pristine Inspections & Testing
750,Rick's Automotive Service
751,Psychology and Psychiatry
752,Country Arbors Nursery
753,Fiesta Ranchera
754,Ray's Heating & Cooling
755,McDonald's
756,Top Nails
757,Crepe De Licious
758,Sammy's Pancake House
759,DESTIHL Restaurant & Brew Works
760,Good Friends Animal Hospital
761,Old Navy
762,Pizza Hut
763,Ramada Urbana/Champaign
764,Let's Take a Seat: Thai Cuisine
765,Dairy Queen
766,Fifth Dimension Collision Repair
767,Harbor Freight Tools
768,Walmart
769,Bob's Pet Grooming
770,Jimmy John's
771,Quality Beer
772,Re/Max Realty Associates
773,Bella V Med Spa
774,Spring-Green Lawn Care
775,Stanley Steemer
776,Taco Bell
777,Wingard Salon
778,Number 1 Nails & Alteration Shop
779,Sushi Ichiban
780,Tepper Electric Supply Company
781,Express Car Care
782,Lone Star Steakhouse & Saloon
783,PDR Automotive
784,Urbana Garden Family Restaurant
785,Bud's Tree Care
786,CU Eyecare
787,Taco Motorizado
788,Juno Hair
789,Pancheros Mexican Grill
790,U-Haul Moving & Storage at University Ave
791,Concord Custom Cleaners
792,Black Cab & Limo
793,Ohana Pools & Spas
794,The Pet Pro
795,Jiya Beauty Salon
796,Magic Nails
797,Angel Paws Pet Grooming & Pet Sitting
798,Shelby Motors
799,Panda Express
800,Crave Truck
801,Computer Deli
802,The I.D.E.A. Store
803,Calico Jewelry
804,Piato Catering
805,Advanced Aesthetics Surgery & Laser Center
806,Goodwill
807,Browne's Fine Jewelry
808,McDonald's
809,La Quinta Inn Champaign
810,Confidentially Yours
811,Fleurish
812,Ewing-Lovett Transfer
813,Faith Church of Urbana
814,Merry Ann's Diner
815,Body Therapy Center
816,TLC Pest Control
817,El Progreso
818,Maize Mexican Grill
819,"Mattex Service - Heating, Cooling and Plumbing"
820,Jennifer Allen Therapies
821,Meadowbrook Park
822,Typecast Ink Tattoo & Piercing Studio
823,Bergner's
824,Seno Formal Wear
825,Town & Country Apartments
826,Legends Golf Course
827,Gailey Eye Clinic
828,United Fuel
829,Sliders
830,The Studio
831,Leaders For Life Martial Arts
832,Rainbow Garden
833,Sweet Dreams Mattress
834,Edible Arrangements
835,Toys R US
836,BMI Management
837,Carmon's Bistro
838,JSM Living
839,Blockbuster Video
840,Dublin O'Neil's
841,Campus Ink Printing
842,M & M Auto Sales
843,301 Mongolia
844,Dentistry by Design
845,Bella Vita Massage
846,LongHorn Steakhouse
847,Gasoline Alley
848,Jiffy Lube
849,The Neighbors At The Ice House
850,Espresso Royale
851,Midwest Automotive & Diesel
852,Flooring Surfaces
853,Reynolds Towing Service
854,Skins & Tins Drum Shop
855,Andrae's Harley-Davidson
856,Bangkok Thai and Pho 911
857,Verizon
858,TruGreen Lawn Care
859,Mettler Therapy
860,Midas
861,GFS
862,D&S Sewer
863,Illini Tower
864,Kcm Auto Care
865,Allen Hall
866,Kato's Cajun
867,Champaign Appliance Center
868,Huaraches Moroleon
869,Ramshaw Real Estate
870,Aroma Curry House
871,Meatheads
872,Carle Medical Supply
873,Walgreens
874,Papa Murphy's
875,4U Nails & Spa
876,Wingin Out
877,Classic Home Consignment
878,Beaumont Tire & Auto Repair
879,A & R Mechanical Contractors Inc
880,This Is It Furniture
881,Busey
882,Supercuts
883,Binny's Beverage Depot
884,Pretty Nails
885,Champaign County YMCA
886,Black Rock Pizza Co.
887,Jet's Pizza
888,Walgreens
889,I-Power School of Gymnastics
890,Smoke 'Que & Brew
891,J Gumbo's
892,Ulta Beauty
893,Sarku Japan
894,Roof Doctors
895,Ramjet
896,"Thomas E Standley, DMD"
897,Weed Man
898,P K Jewelry Repair
899,Magic Needle
900,Bowie Chiropractic
901,Espresso Royale
902,City Girl Yogurt
903,Prairieview Landscaping Company
904,Sullivan-Parkhill Automotive
905,Value Place Champaign
906,Denny's Professional Cleaners & Launderers
907,Garber's Cleaners
908,TJ's Laundry & Dry Cleaning
909,88 West Apartments
910,The Brake Shop
911,Moore Trees
912,Witte Electric
913,Pizza M
914,Bed Bath & Beyond
915,Ming Garden
916,Baytowne Nails
917,Team Gauze
918,Rick's Bakery Cafe
919,Stone Creek Golf Club
920,Boneyard Bar & Bbq
921,Health Alliance Medical Plans
922,Day Spa
923,Starbucks
924,Thornton's Oil Company
925,Illini Nissan
926,Planet Fitness - Champaign
927,The UPS Store
928,Wilbur's Taxi
929,Aspen Dental
930,Speed Lube Oil Change Shop
931,Walgreens
932,Arby's
933,Big Grove Tavern
934,FedEx Office Print & Ship Center
935,Panda Express
936,May's Alterations
937,YMCA
938,Dick's Sporting Goods
939,Cafe Zojo
940,"Ramsay M Dean, DDS"
941,Haussermann Alan W DDS
942,Caribbean Grill Food Truck
943,Quencher Smoothie's
944,Andy's Enterprise & Auto Beauty
945,Queen's Nails
946,American Eagle Auto Glass
947,Microtel Inn & Suites By Wyndham Champaign
948,Joe's Automotive Repair
949,Karen Luster Electrolysis
950,Property Management People
951,Central Illinois Bank
952,Ichiban Buffet
953,All Star Nails
954,Merry Maids
955,Wedding Cakes by Rosie
956,Clean Houses C U
957,McVicker Martial Arts
958,All Things Kids
959,Park 150 Self Service Storage
960,Walgreens
961,Denver Mattress
962,217 & Smith's Towing
963,TCBY
964,Cracked the Egg Came First
965,Live Action Games
966,Arrowhead Lanes
967,Innu Hair Salon
968,Regal Nails
969,Sears Auto Center
970,Shaffer's Sanitary
971,Jet Cab
972,National Mini Warehouses
973,Simply Amish Champaign
974,Elite Bridal Shop
975,Ford City
976,Perfect Arch Salon
977,T Mobile Baytowne Shopps
978,La-Z-Boy Furniture Galleries
979,Prairie Fire Restaurant
980,United States Post Office
981,Finish Line
982,Illini Union Bookstore
983,Starr Limousine
984,Cassel Home Comfort Heating & Cooling
985,Gallo-Miller Paint & Collision Repair
986,Champaign Dental Care
987,Studio 9 Hair Design
988,Urbana Acupuncture
989,Wedge Tequila Bar & Grill
990,Eden's Rain Salon
991,Hada Cosmetic Medicine
992,Volo Broadband
993,Storage Squad-University of Illinois
994,Bensky Family Acupuncture
995,Christie Clinic Illinois Marathon
996,Dave's Collision Repair
997,Pro-Tech Motors
998,LaVida Massage of Champaign
999,Frank's A. Carpenter
1000,Five Guys Burgers & Fries
1001,Grizzly's Chimney Sweep
1002,Super Taco
1003,United States Government
1004,Advantage Hobby
1005,Arby's
1006,Illini Home Improvements
1007,R & H Cab
1008,Wendy's
1009,Eyemart Express
1010,Noy Tailoring and Alterations
1011,Freedom's Choice
1012,Hessel Park Family Dentistry
1013,Rehab Professionals
1014,Precision Painting
1015,Chipotle Mexican Grill
1016,Rainstorm Car Wash
1017,Gerber Collision & Glass
1018,Buca di Beppo Italian Restaurant
1019,Eddie Bauer
1020,TGI Fridays
1021,South China Restaurant
1022,Aldi
1023,Sunny China Buffet
1024,Urban Beauty & Fashion
1025,RentChampaign
1026,Abbott's Florist
1027,Charter Fitness
1028,Teavana Tea Store
1029,Glenn Poor's Audio-Video
1030,T & G Maintenance & Construction
1031,Dulak Pilates Center
1032,K-Bowl
1033,Denny's
1034,Louie's Dixie Kitchen
1035,Lanz Heating & Cooling
1036,Jimmy John's
1037,Hhgregg
1038,New Prairie Construction
1039,Men's Wearhouse
1040,Domino's Pizza
1041,Yoga Institute of Champaign-Urbana
1042,Angel Nails
1043,"Erwin, Martinkus, & Cole"
1044,Mas Amigos
1045,Urbana Plumbing & Heating
1046,Robin's Nest
1047,Arby's
1048,"Paul S Sahni, DMD, MSD, PC"
1049,Toro Loco
1050,Urbana Landmark Hotel
1051,Hertz Rent A Car
1052,Wingstop
1053,BoBo's BBQ
1054,Greyhound Bus Lines
1055,Gordmans
1056,City of Champaign
1057,The Tan Company
1058,Jimmy John's
1059,Drew's Pizza
1060,The Empanadas House
1061,Wendy's
1062,College Chefs
1063,First Mid-Illinois Bank & Trust
1064,A Hunt Design
1065,Don's 24 Hour Towing
1066,Burrito King
1067,Worden-Martin Buick GMC
1068,McDonald's
1069,Hansen & Co Barber Shop
1070,Jersey Mike's Subs
1071,Aldi Grocery
1072,Cooperative Healing
1073,Station 6 Pizza
1074,D&D Cleaning
1075,Champaign Marathon
1076,Melby Chiropractic
1077,Movers 4 Less Inc
1078,Chester's BBQ
1079,Bridal & Formal Wear Alterations by Azar
1080,World Nail Spa
1081,McKinley Event Center
1082,CompleteCare Pharmacy
1083,Tortica's Grill
1084,Chase Bank
1085,Halfar Plumbing
1086,Masterspec Home Inspection Service
1087,Ruler Foods
1088,Mobil Super Pantry
1089,El Oasis
1090,Feldkamp's 24Hr Towing
1091,Anderson Automotive
1092,Byers Vacuum Cleaner Sales & Service
1093,Auntie Lee's Chinese Kitchen
1094,The Art Party Studio
1095,Pizzazz Haircutery
1096,The Bike Project of Urbana-Champaign
1097,Angel Hair & Nail
1098,Campus Nails
1099,Bankier Apartments
1100,Acupuncture & Chinese Herb Center
1101,Americas Best Value Inn
1102,Dj's Automotive Service and Repair
1103,Tang Dynasty
1104,No. 7 Salon & Spa
1105,FYXIT
1106,Burger King
1107,Bark Avenue Canine Coiffures
1108,Sitara
1109,FedEx Office Print & Ship Center
1110,Champaign Chrysler Dodge Jeep Ram
1111,US Post Office
1112,Krispy Krunchy Chicken
1113,Family Dental Care of Champaign
1114,White Horse Inn
1115,Shangri-La Massage
1116,Burrito King
1117,The Music Shoppe
1118,Pinky's Piercings's & Fine Body Jewelry
1119,Titan Games
1120,Casual Male XL
1121,Black Rock Pizza
1122,Minneci's at the Crossing
1123,Safelite AutoGlass
1124,Anna's Nail Salon
1125,Braun-Meyer Apartments
1126,Classic Events
1127,Flooring America
1128,Flying Machine Coffee
1129,Harold Huang Photography
1130,Dixon Graphics
1131,Portrait Innovation
1132,Underground Printing
1133,The Pointe at U of I
1134,Ambar India
1135,Health In Harmony Wellness Center
1136,Black Rock Pizza
1137,Layalina Mediterranean Grill
1138,Cost Cutters
1139,Neutral Cycle Workshop
1140,Champaign Jewelers
1141,Residence Inn by Marriott Champaign
1142,Sakanaya Restaurant
1143,Zmodo Technology
1144,Cabo's Cantina and Grill
1145,The Auto Mall of Champaign
1146,G.A.S Barbershop & Hair Salon
1147,Orange & Brew
1148,Urbana Butcher Shop
1149,Campus Mobile Solutions
1150,Amano's Pizza
1151,AutoZone
1152,Cat Clinic of Central Illinois
1153,McDonald's
1154,Office Depot
1155,Nantucket Cove Apartments
1156,Derailed 57 Bar
1157,Popeyes Louisiana Kitchen
1158,Enterprise Rent-A-Car
1159,Evergreen Tobacco
1160,Rueck Insurance
1161,April's Florist
1162,Shear Impressions
1163,AMC Champaign 13
1164,Autozone
1165,K-On Karaoke
1166,The Weiner Companies
1167,Wild Side Smoke Shop
1168,Bent Bean
1169,J.Y. Chang's
1170,Layalina Mediterranean Grill
1171,Central Illinois Autobody Inc
1172,Ice Arena
1173,Pace Pro Carpet Cleaners and Restoration
1174,Attie's Bar & Grill
1175,Datta Taxi & Charter
1176,King's Barber Shop
1177,Greg's Truck & Auto Repair
1178,The Upper Bout
1179,1 Man 2 Hands
1180,Gene's Barber Shop
1181,Republic Services
1182,Dunkin' Donuts
1183,Hutchcraft Van Service
1184,Green Yoga Spa
1185,Busey
1186,Tasty Fish Chicken & Grill
1187,Photography by Kallol
1188,Lovely Nails
1189,Payless Shoesource
1190,Casey's General Store
1191,La Petite Academy of Champaign
1192,Vineyard Church
1193,Ace Hardware
1194,Neutral Cycle
1195,Reed M J Jewelers
1196,A Plus VIP Lounge
1197,Kofusion
1198,Illini Union Tech Zone
1199,Landscape Recycling Center
1200,Ron's Campus Locksmith Shop
1201,Walgreens
1202,Asian Taste Restaurant
1203,Caffebene
1204,The Blind Pig Brewery
1205,La Chic Nails
1206,Champaign Cycle
1207,Advance Muffler Plus
1208,Bender's Mattress Factory & Sleep Shoppe
1209,Kennedy Wilson Properties
1210,Gramercy Park Apartments
1211,Three King Heating and Air
1212,Steve Tarrant - State Farm Insurance Agent
1213,Campustown Rentals
1214,Masijta Grill
1215,Papa D's Bar & Grill
1216,Sparkle PRO Window Cleaning
1217,KleenRite
1218,Firehouse Subs
1219,Cloud 9 Auto Detail
1220,Dunkin' Donuts
1221,Five Guys
1222,Illinois American Water Company
1223,Pear Tree Estate
1224,Don Juan Cocina Mexicana & Cantina
1225,JCPenney
1226,Burger King
1227,Shaw's Premier Painting
1228,AT&T
1229,Leone Chiropractic Clinic
1230,Einstein Bros Bagels
1231,Candlewood Suites Champaign-Urbana Univ Area
1232,A To Z Appliance Repair
1233,The Civilized Gypsy's Tattoo Parlor
1234,Ye Olde Donut Shoppe
1235,Mas Amigos Truck
1236,Hendrick House Food Truck
1237,MX Electric
1238,Charlotte Russe
1239,Charter Fitness
1240,iFixed
1241,Elegant Nails Lounge
1242,Merrill Landscape Services
1243,Biggby Coffee
1244,Save-A-Lot
1245,The Dog Den
1246,Wendy's
1247,Sylvia's Irish Inn
1248,The Beach - Sun and Spa
1249,Hyatt Place Champaign/Urbana
1250,Wampler Property Management
1251,Baskin Robbins
1252,Mattress Firm Champaign
1253,Let Us Get Dirty For You
1254,Sholem Aquatic Center
1255,Beck's License & Title Service
1256,Champaign True Tires
1257,Round Barn True Value Hardware
1258,West Main Dental
1259,A&B Scissor Hands
1260,Beattie Ellen M
1261,Advance Auto Parts
1262,American Freight Furniture and Mattress
1263,Carter's Furniture
1264,McDonald's
1265,Simply Mac
1266,Hobby Lobby
1267,Kay Jewelers
1268,Starcrest Cleaners
1269,Paper Destiny
1270,McDonalds
1271,Starcrest Cleaners
1272,Koto Ramen
1273,Uncle Martin's Sports Bar
1274,Sew Sassy
1275,Miga
1276,Panda Express
1277,Car Care Collision Centers
1278,Cafe Sababa
1279,Regal Nails
1280,ThirdSide
1281,Walmart Supercenter
1282,White Tiger Tae Kwon Do
1283,Champaign Chiropractic Clinic
1284,SK Exteriors
1285,Just Be Salon
1286,Subway
1287,Gire Roofing
1288,The Dancing Dog Eatery & Juicery
1289,Footlocker
1290,Art In Motion Dance Studio
1291,Apricot Lane
1292,QDOBA Mexican Eats
1293,ONE North
1294,Days Inn Champaign/Urbana
1295,Pavlov Media
1296,Doughbelly Subs
1297,Jurassic Grill
1298,Steam Industries Vape Lounge
1299,Super Niro Gyro
1300,Illini Recycling
1301,Neves Group Property Management
1302,Bohemia
1303,Mattress Boss
1304,McDonald's
1305,Sport Clips Haircuts of Champaign - Old Farm Shops
1306,Pho Cafe
1307,Wedge Tequila Bar & Grill
1308,Arby's
1309,Crossroads Grooming & Boarding
1310,Orange Leaf Frozen Yogurt
1311,T L Jones Salon
1312,Which Wich
1313,Gander Mountain - Champaign
1314,Champaign Ford City
1315,Fat City Bar and Grill
1316,Wyndham Garden Urbana Champaign
1317,Dragon Fire Pizza
1318,BodyWork Associates
1319,Dale Levitt Disposal
1320,Hot Pot Lab
1321,Mashawi Grill
1322,Sprint Store
1323,Vapors
1324,The Ryan Dallas Team
1325,"Kathy Eaton, DDS"
1326,Domino's Pizza
1327,Horizon Hobby
1328,Voice KTV
1329,Hardee's
1330,Wendy's
1331,Pandamonium Doughnuts Food Truck
1332,Living Yoga Center
1333,The Champaign Fitness Center
1334,The Magic Needle
1335,Country Fair
1336,Luther Falls Custom Kitchens
1337,Milk Tea House
1338,Vibez Performance Car Audio
1339,Walmart Supercenter
1340,Jamelynn's Massage Therapy
1341,The Tower At Third
1342,Angel Nails
1343,V Picasso
1344,Advance Auto Parts
1345,Black Dog Smoke & Ale House
1346,Bellhops
1347,Green Street Realty
1348,ROKs Tacos - Korean BBQ Tacos
1349,El Patio
1350,Restoring Balance
1351,Lacy's
1352,Diva Nails
1353,Twin City Movers
1354,Parkside Apartments
1355,Cozy Hair
1356,Pizzeria Antica
1357,Something You Salon & Spa
1358,Mr. Rooter Plumbing of Champaign
1359,AT&T U-verse
1360,Windsor West Apartments
1361,America's Best Contacts & Eyeglasses
1362,Creative Smiles Dental Care
1363,West Quad
1364,Klismith Tree Service
1365,Plant Mode
1366,Yori Q Korean Grill & Bar
1367,Dream State Massage Therapy
1368,Shanghai 1938
1369,Bacheller David DMD
1370,J&J Cell Phone Repair
1371,Jaivika Salon
1372,TownPlace Suites
1373,Comcast Service Center
1374,Great Value Storage
1375,Strawberry Fields
1376,Verizon Wireless
1377,Breathe In Spa
1378,Mr Fix It Auto Clinics
1379,Fluid Event Center
1380,Spicy Tang
1381,United States Post Office
1382,Urbana Sweetcorn Festival
1383,RePhoned
1384,The Salon House
1385,Chatime Champaign
1386,Azzip Pizza
1387,Green Mobile
1388,Second Hand Rose
1389,Helmuth Garage Door
1390,Bab Plus Korean Restaurant
1391,"Jeffrey Frerichs, DDS"
1392,Master Nails
1393,Hopscotch
1394,Starbucks
1395,Brixx Wood Fired Pizza
1396,Champaign-Urbana Adventures in Time & Space
1397,Dunkin Donuts  Baskin Robbins
1398,Glow by Lola
1399,"Jordan Christopher, DDS MSD, PC"
1400,Window Genie of Champaign
1401,Wienerschnitzel
1402,Helzberg Diamonds
1403,Moe's Southwest Grill
1404,ONE South
1405,Pride Lawn Care & Outdoor Services
1406,Snow Meets Coffee
1407,Szechuan China
1408,Sipyard
1409,Defy Gravity
1410,Sport Clips Haircuts of Champaign - Neil Plaza
1411,Attention to Detail
1412,Sephora
1413,The Electrum Group
1414,217
1415,Ruler Foods
1416,Jet's Pizza
1417,Nando Milano Trattoria
1418,Familia Dental
1419,Dear 72
1420,Starbucks
1421,Urbana Boulders
1422,J.D. Byrider
1423,Mike Williams
1424,Agape Hearts & Hands Massage
1425,Express Plumbing
1426,Lee's Hair Salon
1427,F E Moran Security Solutions
1428,Kimmy's Cat Care
1429,PNC Bank
1430,Lenscrafters
1431,Pancheros Mexican Grill
1432,Barrelhouse 34
1433,Sugar By Sarah
1434,"Kevin Glancy, OD"
1435,Arrow Taxicab Service
1436,Garage One Enterprises
1437,Bouffant Salon
1438,Brainstorm Escapes
1439,Illinois Terminal
1440,Bar M
1441,Latea Bubble Tea Lounge
1442,Vape Vault
1443,Perfectionist Cleaning Services
1444,Watson's Shack & Rail
1445,High Caliber Training Center & Indoor Range
1446,Haymakers
1447,Fernando's Food
1448,Goldys
1449,Sears Hometown Store
1450,Fred's Plumbing Heating Air Conditioning Electric
1451,Art Mart
1452,Joe Allan Properties
1453,Rkooa Hair Design
1454,Tatman's Towing
1455,Interstate All Battery Center
1456,Kurt Lenschow - State Farm Insurance Agent
1457,San Maru
1458,Seoul Taco
1459,Asian Supermarket
1460,Caffe Bene
1461,HoneyBaked Ham & Cafe
1462,The Little Gym
1463,Athletico Physical Therapy
1464,Dandelion Vintage & Used Clothing
1465,BBQ Premium Chicken
1466,"Wireless Mikes, Verizon Authorized Retailer"
1467,Ritual Salon
1468,Janice Vidovic Realtor - Keller Williams
1469,Above & Beyond Detailing
1470,Waldhoff Gard & Associates - Keller Williams Realty
1471,Elite Entertainment
1472,Element on Main
1473,The Pop Stop
1474,Rumours Hat Shoppe
1475,Cookies by Design
1476,The Eye Center
1477,Bash Heating & Air Conditoning
1478,Blink Mobile
1479,Belicious Bakery
1480,Drummond Carpet & Upholstery Care
1481,Alexander Chiropractic
1482,First Column Student Living
1483,CampusTown Urgent Care
1484,Riggs Beer Company
1485,Specialized Automotive
1486,Campus Burger
1487,Lisa's Custom Sound Shop
1488,Wood N' Hog Barbecue
1489,Klatt Properties
1490,Flyght Bar and Lounge
1491,Impressions Auto Detailing
1492,Sweet Indulgence
1493,309 Green
1494,Krispy Krunchy Chicken
1495,Next Chapter Properties
1496,Tacos Locos Food Truck
1497,Red Robin Gourmet Burgers
1498,Home2 Suites by Hilton
1499,MasterCuts
1500,Klatt Properties
1501,Salon Xpression
1502,8F Ice Cream & Crepe
1503,Starbucks
1504,Mr. Kyoto
1505,Kouski Landscaping Co.
1506,Flora Gems
1507,Atlantic Services
1508,Bangkok Thai & PHO 911
1509,The Hub
1510,Baxter's American Grille
1511,Harvest Market
1512,All Things Moving
1513,Grovestone
1514,Hammerhead Coffee
1515,Slim Chickens
1516,Farmhouse Restaurant At Harvest Market
1517,Mango Mango Creamery
1518,901 Western
1519,Keri Powell Therapy
1520,Kohinoor Indian Restaurant and Lounge
1521,Mid-Summer Lounge
1522,Scotty's Brewhouse
1523,Hamilton Walker's
1524,Hybrid Fit Food
1525,Rainstorm Car Wash
1526,Field & Stream
1527,Pickwick Coffee Roasting
1528,Giordano's - Champaign
1529,Jipbap Taste of Korea
1530,Ozu Ramen
1531,Millbern Automotive
1532,Leadbelly's
1533,Top Hair Salon
1534,Breakfast Life and Dinner
1535,M Sushi & Grill
1536,Taco John's
1537,Urbana Fine Arts Center
1538,Marco's Pizza
1539,Spicy Tang
1540,Cafe Social
1541,Crossroads Corner Consignment
1542,Tech Spec Home Inspection Service
1543,Verizon Russell Cellular
1544,Midwest Barber Co
1545,Clean Boss
1546,Market U
1547,5 Star Nutrition Champaign
1548,Finest Home Inspection
1549,Planet Fitness
1550,Econo Lodge Champaign Urbana - University Area
1551,Kung Fu BBQ
1552,HuHot Mongolian Grill
1553,Salad Meister
1554,The Himalayan Chimney
1555,Little Caesars Pizza
1556,Portillo's
1557,Caribbean Grill Restaurant
1558,Fresh International Market
1559,LabEscape
1560,Wendy's
1561,Artbox
1562,Maize at the Station
1563,UI Auto Club Car
1564,Sportland Motor Sports
1565,Pie's the Limit
1566,Red Bicycle Ice Cream
1567,BrewLab Coffee
1568,Taipei Cafe
1569,Beau Visage
1570,Lao Sze Chuan Champaign
1571,Paris Super Crepes
1572,Slice Factory
1573,Kung Fu Tea
1574,Amaravati  Indian Royal Cuisine
1575,Freddy's Frozen Custard & Steakburgers
1576,Red Cape Hot Pot
1577,Teamoji
1578,Surburban Express
1579,Millikan Masonry
